{"epoch_valid_loss":3.1893465518951416,"_wandb":{"runtime":10},"_step":1,"epoch_train_loss":4.5955729484558105,"_timestamp":1.742166317895296e+09,"epoch":1,"step_train_loss":4.5955729484558105,"learning_rate":5.9999999999999995e-05,"train_step":0,"_runtime":3.282610676}