{"_runtime":3.249698549,"train_step":0,"epoch_train_loss":4.5955729484558105,"_wandb":{"runtime":10},"learning_rate":5.9999999999999995e-05,"epoch":1,"epoch_valid_loss":3.1893465518951416,"_timestamp":1.742164278714329e+09,"step_train_loss":4.5955729484558105,"_step":1}