{"_step":1,"_timestamp":1.742164205846491e+09,"epoch_train_loss":4.5955729484558105,"_wandb":{"runtime":3},"step_train_loss":4.5955729484558105,"_runtime":3.169725298,"train_step":0,"epoch":1,"epoch_valid_loss":3.1893465518951416,"learning_rate":5.9999999999999995e-05}