{"_step":3,"_timestamp":1.742343276942643e+09,"_runtime":3.520053175,"epoch_valid_loss":2.7386350631713867,"_wandb":{"runtime":9},"epoch":1,"step_train_loss":2.8087852001190186,"learning_rate":5.9999999999999995e-05,"epoch_train_loss":3.547931353251139,"train_step":2}