{"step_train_loss":2.8087852001190186,"train_step":2,"epoch":1,"_step":3,"_wandb":{"runtime":9},"_runtime":3.640647767,"epoch_valid_loss":2.7386350631713867,"learning_rate":5.9999999999999995e-05,"_timestamp":1.74234345962077e+09,"epoch_train_loss":3.547931353251139}