{"_wandb":{"runtime":8},"epoch_train_loss":3.547931353251139,"step_train_loss":2.8087852001190186,"_step":3,"learning_rate":5.9999999999999995e-05,"epoch_valid_loss":2.7386350631713867,"epoch":1,"train_step":2,"_timestamp":1.7423433300809793e+09,"_runtime":3.481640769}