{"epoch":1,"_runtime":3.826827748,"_step":3,"epoch_valid_loss":2.7386350631713867,"step_train_loss":2.8087852001190186,"train_step":2,"epoch_train_loss":3.547931353251139,"_timestamp":1.7423313748109682e+09,"learning_rate":5.9999999999999995e-05,"_wandb":{"runtime":11}}