{"_wandb":{"runtime":9},"epoch":1,"learning_rate":5.9999999999999995e-05,"_timestamp":1.7423431179408176e+09,"_runtime":3.523767893,"_step":3,"epoch_train_loss":3.547931353251139,"epoch_valid_loss":2.7386350631713867,"train_step":2,"step_train_loss":2.8087852001190186}