{"_timestamp":1.7423312897442718e+09,"learning_rate":5.9999999999999995e-05,"_wandb":{"runtime":11},"step_train_loss":2.8087852001190186,"epoch_train_loss":3.547931353251139,"_runtime":3.807585433,"_step":3,"train_step":2,"epoch":1,"epoch_valid_loss":2.7386350631713867}