{"epoch_valid_loss":2.7386350631713867,"epoch_train_loss":3.547931353251139,"_step":3,"step_train_loss":2.8087852001190186,"train_step":2,"_wandb":{"runtime":9},"_timestamp":1.7423433913953466e+09,"epoch":1,"learning_rate":5.9999999999999995e-05,"_runtime":3.403807916}