{"_runtime":3.9554460799999998,"step_train_loss":2.8087852001190186,"epoch_train_loss":3.547931353251139,"epoch_valid_loss":2.7386350631713867,"learning_rate":5.9999999999999995e-05,"_wandb":{"runtime":11},"_timestamp":1.7423310518056965e+09,"_step":3,"train_step":2,"epoch":1}