{"epoch_valid_loss":3.1893465518951416,"learning_rate":5.9999999999999995e-05,"_timestamp":1.7421641497938247e+09,"step_train_loss":4.5955729484558105,"_wandb":{"runtime":3},"epoch":1,"_runtime":3.333458817,"epoch_train_loss":4.5955729484558105,"train_step":0,"_step":1}